year_month,Revenue,Profit,Orders
2025-01,1570372.8,587572.8,647
2025-02,1568984.35,590784.35,627
2025-03,1536581.0,577881.0,658
2025-04,1524293.1,562643.1,610
2025-05,1498491.85,566441.85,658
2025-06,1494594.7,556994.7,649
2025-07,1514300.8,570150.8,641
2025-08,1591300.95,599050.95,676
2025-09,1366385.05,515835.05,609
2025-10,1574106.4,585956.4,630
2025-11,1515167.9,569267.9,632
2025-12,1541494.95,581844.95,650
2026-01,1664448.6,631848.6,688
2026-02,1263507.25,483307.25,566
2026-03,1422886.5,534236.5,627
2026-04,1538485.85,578585.85,633
2026-05,1448836.25,544836.25,612
2026-06,1442658.95,550008.95,606
2026-07,1479595.45,562545.45,658
2026-08,1596582.8,605832.8,673
2026-09,1501502.15,567752.15,620
