product_name,Revenue,Profit,Quantity
Mixer Grinder,2976687.7,912387.7,983
Smart Watch,2832440.5,907440.5,875
Sports Shoes,2124524.85,732524.85,928
Wireless Headphones,1959465.9,593065.9,854
Dinner Set,1781190.0,637190.0,880
Skin Care Kit,1684357.4,675657.4,917
Jeans,1660746.85,650746.85,1010
Bluetooth Speaker,1604397.4,553197.4,876
Hair Dryer,1559373.2,614373.2,945
Hoodie,1541915.7,594215.7,1053
Perfume,1302780.9,500380.9,944
Electric Kettle,1285092.7,493742.7,931
Power Bank,1134806.4,421556.4,951
Women Kurti,1122465.9,463765.9,941
Data Science Handbook,941657.4,428157.4,1027
Machine Learning Guide,899861.2,409261.2,892
Non Stick Pan,878320.8,351420.8,958
Business Analytics,773274.85,350274.85,940
Men T-Shirt,691095.05,315895.05,938
Python Programming,589606.5,266906.5,922
Atomic Habits,508161.65,230061.65,927
Water Bottle,506065.15,230065.15,920
Moisturizer,491090.15,223490.15,892
USB-C Cable,462997.15,211997.15,1004
Face Wash,342202.35,155602.35,933
