state,city,Revenue,Profit,Orders
Madhya Pradesh,Bhopal,2240606.85,846306.85,895
Delhi,Delhi,2210584.05,837384.05,945
West Bengal,Kolkata,2194625.5,819075.5,906
Chandigarh,Chandigarh,2160501.6,821851.6,934
Uttar Pradesh,Lucknow,2150135.85,814435.85,896
Bihar,Patna,2128781.35,798281.35,906
Karnataka,Bengaluru,2127318.1,793618.1,866
Maharashtra,Pune,2124464.35,796214.35,885
Maharashtra,Mumbai,2114632.1,791582.1,922
Telangana,Hyderabad,2080998.6,782848.6,866
Gujarat,Ahmedabad,2070870.45,770120.45,868
Rajasthan,Jaipur,2060958.1,779758.1,897
Punjab,Amritsar,2016364.05,766514.05,862
Punjab,Ludhiana,2006456.5,749356.5,852
Tamil Nadu,Chennai,1967280.2,756030.2,870
